timestamp,iMC0.MEM_BW_TOTAL,iMC1.MEM_BW_TOTAL,iMC2.MEM_BW_TOTAL,CBO.LLC_DDIO_MEM_TOTAL_BYTES,CBO.LLC_PCIE_MEM_TOTAL_BYTES
0.200824021,#NC,#NC,#NC,#NC#NC#NC#NC#NC#NC#NC#NC,#NC#NC#NC#NC#NC#NC#NC#NC
0.301376730,#NC,#NC,#NC,#NC#NC#NC#NC#NC#NC#NC#NC,#NC#NC#NC#NC#NC#NC#NC#NC
0.402248785,#NC,#NC,#NC,#NC#NC#NC#NC#NC#NC#NC#NC,#NC#NC#NC#NC#NC#NC#NC#NC
0.502773847,#NC,#NC,#NC,#NC#NC#NC#NC#NC#NC#NC#NC,#NC#NC#NC#NC#NC#NC#NC#NC
0.603321843,14.8342895508,14.9445800781,915.035949707,#NC#NC#NC#NC#NC#NC#NC#NC,#NC#NC#NC#NC#NC#NC#NC#NC
0.703819833,#NC,#NC,#NC,#NC#NC#NC#NC#NC#NC#NC#NC,#NC#NC#NC#NC#NC#NC#NC#NC
0.804350453,#NC,#NC,#NC,#NC#NC#NC#NC#NC#NC#NC#NC,#NC#NC#NC#NC#NC#NC#NC#NC
0.904933514,#NC,#NC,#NC,#NC#NC#NC#NC#NC#NC#NC#NC,#NC#NC#NC#NC#NC#NC#NC#NC
1.005385043,0.413146972656,0.440063476562,1.76586914062,#NC#NC#NC#NC#NC#NC#NC#NC,#NC#NC#NC#NC#NC#NC#NC#NC
1.105808319,#NC,#NC,#NC,#NC#NC#NC#NC#NC#NC#NC#NC,#NC#NC#NC#NC#NC#NC#NC#NC
1.206233318,#NC,#NC,#NC,#NC#NC#NC#NC#NC#NC#NC#NC,#NC#NC#NC#NC#NC#NC#NC#NC
1.306652100,#NC,#NC,#NC,#NC#NC#NC#NC#NC#NC#NC#NC,#NC#NC#NC#NC#NC#NC#NC#NC
1.407085196,0.0980224609375,0.05517578125,1.51538085938,#NC#NC#NC#NC#NC#NC#NC#NC,#NC#NC#NC#NC#NC#NC#NC#NC
1.507504605,#NC,#NC,#NC,#NC#NC#NC#NC#NC#NC#NC#NC,#NC#NC#NC#NC#NC#NC#NC#NC
1.607934806,#NC,#NC,#NC,#NC#NC#NC#NC#NC#NC#NC#NC,#NC#NC#NC#NC#NC#NC#NC#NC
1.708399402,#NC,#NC,#NC,#NC#NC#NC#NC#NC#NC#NC#NC,#NC#NC#NC#NC#NC#NC#NC#NC
1.808892270,#NC,#NC,#NC,#NC#NC#NC#NC#NC#NC#NC#NC,#NC#NC#NC#NC#NC#NC#NC#NC
1.909308579,0.485473632812,0.454345703125,1.88610839844,0.237243652344,0.140625
2.009697887,#NC,#NC,#NC,#NC#NC#NC#NC#NC#NC#NC#NC,#NC#NC#NC#NC#NC#NC#NC#NC
2.110055122,#NC,#NC,#NC,#NC#NC#NC#NC#NC#NC#NC#NC,#NC#NC#NC#NC#NC#NC#NC#NC
2.210419007,#NC,#NC,#NC,#NC#NC#NC#NC#NC#NC#NC#NC,#NC#NC#NC#NC#NC#NC#NC#NC
2.310782441,0.195434570312,0.151611328125,1.50463867188,#NC#NC#NC#NC#NC#NC#NC#NC,#NC#NC#NC#NC#NC#NC#NC#NC
2.411139203,#NC,#NC,#NC,#NC#NC#NC#NC#NC#NC#NC#NC,#NC#NC#NC#NC#NC#NC#NC#NC
2.511496216,#NC,#NC,#NC,#NC#NC#NC#NC#NC#NC#NC#NC,#NC#NC#NC#NC#NC#NC#NC#NC
2.611852335,#NC,#NC,#NC,#NC#NC#NC#NC#NC#NC#NC#NC,#NC#NC#NC#NC#NC#NC#NC#NC
2.712214908,0.0964965820312,0.0849609375,1.548828125,#NC#NC#NC#NC#NC#NC#NC#NC,#NC#NC#NC#NC#NC#NC#NC#NC
2.812612015,#NC,#NC,#NC,#NC#NC#NC#NC#NC#NC#NC#NC,#NC#NC#NC#NC#NC#NC#NC#NC
2.912975895,#NC,#NC,#NC,#NC#NC#NC#NC#NC#NC#NC#NC,#NC#NC#NC#NC#NC#NC#NC#NC
3.013339882,#NC,#NC,#NC,#NC#NC#NC#NC#NC#NC#NC#NC,#NC#NC#NC#NC#NC#NC#NC#NC
3.113803601,0.141235351562,0.123413085938,1.43804931641,#NC#NC#NC#NC#NC#NC#NC#NC,#NC#NC#NC#NC#NC#NC#NC#NC
3.214156134,0.885986328125,0.942138671875,2.74621582031,#NC#NC#NC#NC#NC#NC#NC#NC,#NC#NC#NC#NC#NC#NC#NC#NC
3.314505569,#NC,#NC,#NC,#NC#NC#NC#NC#NC#NC#NC#NC,#NC#NC#NC#NC#NC#NC#NC#NC
3.414852338,#NC,#NC,#NC,#NC#NC#NC#NC#NC#NC#NC#NC,#NC#NC#NC#NC#NC#NC#NC#NC
3.515202929,#NC,#NC,#NC,#NC#NC#NC#NC#NC#NC#NC#NC,#NC#NC#NC#NC#NC#NC#NC#NC
3.615573320,0.0628051757812,0.114074707031,1.50427246094,0.24951171875,0.149353027344
3.715927334,#NC,#NC,#NC,#NC#NC#NC#NC#NC#NC#NC#NC,#NC#NC#NC#NC#NC#NC#NC#NC
3.816307390,#NC,#NC,#NC,#NC#NC#NC#NC#NC#NC#NC#NC,#NC#NC#NC#NC#NC#NC#NC#NC
3.916678364,#NC,#NC,#NC,#NC#NC#NC#NC#NC#NC#NC#NC,#NC#NC#NC#NC#NC#NC#NC#NC
4.017038297,0.241333007812,0.295593261719,1.72937011719,#NC#NC#NC#NC#NC#NC#NC#NC,#NC#NC#NC#NC#NC#NC#NC#NC
4.117395853,#NC,#NC,#NC,#NC#NC#NC#NC#NC#NC#NC#NC,#NC#NC#NC#NC#NC#NC#NC#NC
4.217753683,#NC,#NC,#NC,#NC#NC#NC#NC#NC#NC#NC#NC,#NC#NC#NC#NC#NC#NC#NC#NC
4.318100825,#NC,#NC,#NC,#NC#NC#NC#NC#NC#NC#NC#NC,#NC#NC#NC#NC#NC#NC#NC#NC
4.418456642,0.156921386719,0.078857421875,1.41711425781,#NC#NC#NC#NC#NC#NC#NC#NC,#NC#NC#NC#NC#NC#NC#NC#NC
4.518808138,#NC,#NC,#NC,#NC#NC#NC#NC#NC#NC#NC#NC,#NC#NC#NC#NC#NC#NC#NC#NC
4.619154747,#NC,#NC,#NC,#NC#NC#NC#NC#NC#NC#NC#NC,#NC#NC#NC#NC#NC#NC#NC#NC
4.719502066,#NC,#NC,#NC,#NC#NC#NC#NC#NC#NC#NC#NC,#NC#NC#NC#NC#NC#NC#NC#NC
4.819893710,#NC,#NC,#NC,#NC#NC#NC#NC#NC#NC#NC#NC,#NC#NC#NC#NC#NC#NC#NC#NC
4.920288160,170.620910645,173.466125488,199.717529297,#NC#NC#NC#NC#NC#NC#NC#NC,#NC#NC#NC#NC#NC#NC#NC#NC
5.020652584,#NC,#NC,#NC,#NC#NC#NC#NC#NC#NC#NC#NC,#NC#NC#NC#NC#NC#NC#NC#NC
5.121015427,#NC,#NC,#NC,#NC#NC#NC#NC#NC#NC#NC#NC,#NC#NC#NC#NC#NC#NC#NC#NC
5.221378720,#NC,#NC,#NC,#NC#NC#NC#NC#NC#NC#NC#NC,#NC#NC#NC#NC#NC#NC#NC#NC
5.321805587,0.155578613281,0.127868652344,1.52905273438,0.160827636719,0.198608398438
5.422169626,#NC,#NC,#NC,#NC#NC#NC#NC#NC#NC#NC#NC,#NC#NC#NC#NC#NC#NC#NC#NC
5.522528166,#NC,#NC,#NC,#NC#NC#NC#NC#NC#NC#NC#NC,#NC#NC#NC#NC#NC#NC#NC#NC
5.622887603,#NC,#NC,#NC,#NC#NC#NC#NC#NC#NC#NC#NC,#NC#NC#NC#NC#NC#NC#NC#NC
5.723254980,0.0926513671875,0.0987548828125,1.54364013672,#NC#NC#NC#NC#NC#NC#NC#NC,#NC#NC#NC#NC#NC#NC#NC#NC
5.823651077,#NC,#NC,#NC,#NC#NC#NC#NC#NC#NC#NC#NC,#NC#NC#NC#NC#NC#NC#NC#NC
5.924042796,#NC,#NC,#NC,#NC#NC#NC#NC#NC#NC#NC#NC,#NC#NC#NC#NC#NC#NC#NC#NC
6.024400805,#NC,#NC,#NC,#NC#NC#NC#NC#NC#NC#NC#NC,#NC#NC#NC#NC#NC#NC#NC#NC
6.124766909,#NC,#NC,#NC,#NC#NC#NC#NC#NC#NC#NC#NC,#NC#NC#NC#NC#NC#NC#NC#NC
6.225140366,0.1787109375,0.16845703125,1.59124755859,#NC#NC#NC#NC#NC#NC#NC#NC,#NC#NC#NC#NC#NC#NC#NC#NC
6.325497866,#NC,#NC,#NC,#NC#NC#NC#NC#NC#NC#NC#NC,#NC#NC#NC#NC#NC#NC#NC#NC
6.425855824,#NC,#NC,#NC,#NC#NC#NC#NC#NC#NC#NC#NC,#NC#NC#NC#NC#NC#NC#NC#NC
6.526220821,#NC,#NC,#NC,#NC#NC#NC#NC#NC#NC#NC#NC,#NC#NC#NC#NC#NC#NC#NC#NC
6.626584871,0.0980224609375,0.163879394531,1.49853515625,#NC#NC#NC#NC#NC#NC#NC#NC,#NC#NC#NC#NC#NC#NC#NC#NC
6.726941800,#NC,#NC,#NC,#NC#NC#NC#NC#NC#NC#NC#NC,#NC#NC#NC#NC#NC#NC#NC#NC
6.827328547,#NC,#NC,#NC,#NC#NC#NC#NC#NC#NC#NC#NC,#NC#NC#NC#NC#NC#NC#NC#NC
6.927711780,#NC,#NC,#NC,#NC#NC#NC#NC#NC#NC#NC#NC,#NC#NC#NC#NC#NC#NC#NC#NC
7.028109864,0.423645019531,0.454223632812,1.87432861328,0.14208984375,0.17138671875
7.128468178,#NC,#NC,#NC,#NC#NC#NC#NC#NC#NC#NC#NC,#NC#NC#NC#NC#NC#NC#NC#NC
7.228831800,#NC,#NC,#NC,#NC#NC#NC#NC#NC#NC#NC#NC,#NC#NC#NC#NC#NC#NC#NC#NC
7.329191373,#NC,#NC,#NC,#NC#NC#NC#NC#NC#NC#NC#NC,#NC#NC#NC#NC#NC#NC#NC#NC
7.429617217,#NC,#NC,#NC,#NC#NC#NC#NC#NC#NC#NC#NC,#NC#NC#NC#NC#NC#NC#NC#NC
7.529984628,1.35607910156,1.30090332031,3.46087646484,#NC#NC#NC#NC#NC#NC#NC#NC,#NC#NC#NC#NC#NC#NC#NC#NC
7.630344245,#NC,#NC,#NC,#NC#NC#NC#NC#NC#NC#NC#NC,#NC#NC#NC#NC#NC#NC#NC#NC
7.730701338,#NC,#NC,#NC,#NC#NC#NC#NC#NC#NC#NC#NC,#NC#NC#NC#NC#NC#NC#NC#NC
7.831089150,#NC,#NC,#NC,#NC#NC#NC#NC#NC#NC#NC#NC,#NC#NC#NC#NC#NC#NC#NC#NC
7.931482267,394.147277832,392.990356445,418.913452148,#NC#NC#NC#NC#NC#NC#NC#NC,#NC#NC#NC#NC#NC#NC#NC#NC
8.031842193,#NC,#NC,#NC,#NC#NC#NC#NC#NC#NC#NC#NC,#NC#NC#NC#NC#NC#NC#NC#NC
8.132216124,#NC,#NC,#NC,#NC#NC#NC#NC#NC#NC#NC#NC,#NC#NC#NC#NC#NC#NC#NC#NC
8.232573170,#NC,#NC,#NC,#NC#NC#NC#NC#NC#NC#NC#NC,#NC#NC#NC#NC#NC#NC#NC#NC
8.332946079,0.175354003906,0.110229492188,1.44482421875,#NC#NC#NC#NC#NC#NC#NC#NC,#NC#NC#NC#NC#NC#NC#NC#NC
8.433316910,#NC,#NC,#NC,#NC#NC#NC#NC#NC#NC#NC#NC,#NC#NC#NC#NC#NC#NC#NC#NC
8.533688015,#NC,#NC,#NC,#NC#NC#NC#NC#NC#NC#NC#NC,#NC#NC#NC#NC#NC#NC#NC#NC
8.634081544,#NC,#NC,#NC,#NC#NC#NC#NC#NC#NC#NC#NC,#NC#NC#NC#NC#NC#NC#NC#NC
8.734471070,0.088134765625,0.115478515625,1.51477050781,0.157775878906,0.0484008789062
8.834887118,1.72314453125,1.69329833984,4.0458984375,#NC#NC#NC#NC#NC#NC#NC#NC,#NC#NC#NC#NC#NC#NC#NC#NC
8.935275377,#NC,#NC,#NC,#NC#NC#NC#NC#NC#NC#NC#NC,#NC#NC#NC#NC#NC#NC#NC#NC
9.035642784,#NC,#NC,#NC,#NC#NC#NC#NC#NC#NC#NC#NC,#NC#NC#NC#NC#NC#NC#NC#NC
9.136016484,#NC,#NC,#NC,#NC#NC#NC#NC#NC#NC#NC#NC,#NC#NC#NC#NC#NC#NC#NC#NC
9.236401444,0.153259277344,0.162353515625,1.69158935547,#NC#NC#NC#NC#NC#NC#NC#NC,#NC#NC#NC#NC#NC#NC#NC#NC
9.336766861,#NC,#NC,#NC,#NC#NC#NC#NC#NC#NC#NC#NC,#NC#NC#NC#NC#NC#NC#NC#NC
9.437131764,#NC,#NC,#NC,#NC#NC#NC#NC#NC#NC#NC#NC,#NC#NC#NC#NC#NC#NC#NC#NC
9.537496579,#NC,#NC,#NC,#NC#NC#NC#NC#NC#NC#NC#NC,#NC#NC#NC#NC#NC#NC#NC#NC
9.637870186,0.104919433594,0.128601074219,1.49542236328,#NC#NC#NC#NC#NC#NC#NC#NC,#NC#NC#NC#NC#NC#NC#NC#NC
9.738234526,#NC,#NC,#NC,#NC#NC#NC#NC#NC#NC#NC#NC,#NC#NC#NC#NC#NC#NC#NC#NC
9.838631037,#NC,#NC,#NC,#NC#NC#NC#NC#NC#NC#NC#NC,#NC#NC#NC#NC#NC#NC#NC#NC
9.939029639,#NC,#NC,#NC,#NC#NC#NC#NC#NC#NC#NC#NC,#NC#NC#NC#NC#NC#NC#NC#NC
10.039410688,0.2236328125,0.281860351562,1.63543701172,#NC#NC#NC#NC#NC#NC#NC#NC,#NC#NC#NC#NC#NC#NC#NC#NC
10.139781362,#NC,#NC,#NC,#NC#NC#NC#NC#NC#NC#NC#NC,#NC#NC#NC#NC#NC#NC#NC#NC
10.240150246,#NC,#NC,#NC,#NC#NC#NC#NC#NC#NC#NC#NC,#NC#NC#NC#NC#NC#NC#NC#NC
10.340513553,#NC,#NC,#NC,#NC#NC#NC#NC#NC#NC#NC#NC,#NC#NC#NC#NC#NC#NC#NC#NC
10.440880211,#NC,#NC,#NC,#NC#NC#NC#NC#NC#NC#NC#NC,#NC#NC#NC#NC#NC#NC#NC#NC
10.541270342,0.0697021484375,0.117919921875,1.43041992188,0.282897949219,0.16552734375
10.641634039,#NC,#NC,#NC,#NC#NC#NC#NC#NC#NC#NC#NC,#NC#NC#NC#NC#NC#NC#NC#NC
10.741999463,#NC,#NC,#NC,#NC#NC#NC#NC#NC#NC#NC#NC,#NC#NC#NC#NC#NC#NC#NC#NC
10.842398678,#NC,#NC,#NC,#NC#NC#NC#NC#NC#NC#NC#NC,#NC#NC#NC#NC#NC#NC#NC#NC
10.943444084,1.25012207031,1.20037841797,2.70770263672,#NC#NC#NC#NC#NC#NC#NC#NC,#NC#NC#NC#NC#NC#NC#NC#NC
11.043823811,#NC,#NC,#NC,#NC#NC#NC#NC#NC#NC#NC#NC,#NC#NC#NC#NC#NC#NC#NC#NC
11.144214449,#NC,#NC,#NC,#NC#NC#NC#NC#NC#NC#NC#NC,#NC#NC#NC#NC#NC#NC#NC#NC
11.244592289,#NC,#NC,#NC,#NC#NC#NC#NC#NC#NC#NC#NC,#NC#NC#NC#NC#NC#NC#NC#NC
11.344984117,0.160705566406,0.100280761719,1.47491455078,#NC#NC#NC#NC#NC#NC#NC#NC,#NC#NC#NC#NC#NC#NC#NC#NC
11.445363251,#NC,#NC,#NC,#NC#NC#NC#NC#NC#NC#NC#NC,#NC#NC#NC#NC#NC#NC#NC#NC
11.545850737,#NC,#NC,#NC,#NC#NC#NC#NC#NC#NC#NC#NC,#NC#NC#NC#NC#NC#NC#NC#NC
11.646226967,#NC,#NC,#NC,#NC#NC#NC#NC#NC#NC#NC#NC,#NC#NC#NC#NC#NC#NC#NC#NC
11.746609841,#NC,#NC,#NC,#NC#NC#NC#NC#NC#NC#NC#NC,#NC#NC#NC#NC#NC#NC#NC#NC
11.847045952,0.110290527344,0.118713378906,1.55163574219,#NC#NC#NC#NC#NC#NC#NC#NC,#NC#NC#NC#NC#NC#NC#NC#NC
11.947446862,#NC,#NC,#NC,#NC#NC#NC#NC#NC#NC#NC#NC,#NC#NC#NC#NC#NC#NC#NC#NC
12.047828819,#NC,#NC,#NC,#NC#NC#NC#NC#NC#NC#NC#NC,#NC#NC#NC#NC#NC#NC#NC#NC
12.148219276,#NC,#NC,#NC,#NC#NC#NC#NC#NC#NC#NC#NC,#NC#NC#NC#NC#NC#NC#NC#NC
12.248629366,0.164001464844,0.189147949219,1.85577392578,0.182800292969,0.416931152344
12.349011253,#NC,#NC,#NC,#NC#NC#NC#NC#NC#NC#NC#NC,#NC#NC#NC#NC#NC#NC#NC#NC
12.449394216,#NC,#NC,#NC,#NC#NC#NC#NC#NC#NC#NC#NC,#NC#NC#NC#NC#NC#NC#NC#NC
12.549870687,#NC,#NC,#NC,#NC#NC#NC#NC#NC#NC#NC#NC,#NC#NC#NC#NC#NC#NC#NC#NC
12.650258567,0.0903930664062,0.150817871094,1.455078125,#NC#NC#NC#NC#NC#NC#NC#NC,#NC#NC#NC#NC#NC#NC#NC#NC
12.750635864,#NC,#NC,#NC,#NC#NC#NC#NC#NC#NC#NC#NC,#NC#NC#NC#NC#NC#NC#NC#NC
12.851102086,#NC,#NC,#NC,#NC#NC#NC#NC#NC#NC#NC#NC,#NC#NC#NC#NC#NC#NC#NC#NC
12.951610972,#NC,#NC,#NC,#NC#NC#NC#NC#NC#NC#NC#NC,#NC#NC#NC#NC#NC#NC#NC#NC
13.052123412,100.260070801,99.9969482422,905.675842285,#NC#NC#NC#NC#NC#NC#NC#NC,#NC#NC#NC#NC#NC#NC#NC#NC
13.152646114,109.197875977,108.291259766,911.080932617,#NC#NC#NC#NC#NC#NC#NC#NC,#NC#NC#NC#NC#NC#NC#NC#NC
13.253134523,#NC,#NC,#NC,#NC#NC#NC#NC#NC#NC#NC#NC,#NC#NC#NC#NC#NC#NC#NC#NC
13.354333853,#NC,#NC,#NC,#NC#NC#NC#NC#NC#NC#NC#NC,#NC#NC#NC#NC#NC#NC#NC#NC
13.454842482,#NC,#NC,#NC,#NC#NC#NC#NC#NC#NC#NC#NC,#NC#NC#NC#NC#NC#NC#NC#NC
13.555365742,100.531066895,100.684997559,916.260864258,#NC#NC#NC#NC#NC#NC#NC#NC,#NC#NC#NC#NC#NC#NC#NC#NC
13.655893282,#NC,#NC,#NC,#NC#NC#NC#NC#NC#NC#NC#NC,#NC#NC#NC#NC#NC#NC#NC#NC
13.756386624,#NC,#NC,#NC,#NC#NC#NC#NC#NC#NC#NC#NC,#NC#NC#NC#NC#NC#NC#NC#NC
13.856884088,#NC,#NC,#NC,#NC#NC#NC#NC#NC#NC#NC#NC,#NC#NC#NC#NC#NC#NC#NC#NC
13.957424725,94.4844970703,94.5665893555,858.294128418,35.5081787109,564.149230957
14.058342836,#NC,#NC,#NC,#NC#NC#NC#NC#NC#NC#NC#NC,#NC#NC#NC#NC#NC#NC#NC#NC
14.158842263,#NC,#NC,#NC,#NC#NC#NC#NC#NC#NC#NC#NC,#NC#NC#NC#NC#NC#NC#NC#NC
14.259346237,#NC,#NC,#NC,#NC#NC#NC#NC#NC#NC#NC#NC,#NC#NC#NC#NC#NC#NC#NC#NC
14.359839931,100.524658203,100.494934082,908.983947754,#NC#NC#NC#NC#NC#NC#NC#NC,#NC#NC#NC#NC#NC#NC#NC#NC
14.460331708,#NC,#NC,#NC,#NC#NC#NC#NC#NC#NC#NC#NC,#NC#NC#NC#NC#NC#NC#NC#NC
14.560830875,#NC,#NC,#NC,#NC#NC#NC#NC#NC#NC#NC#NC,#NC#NC#NC#NC#NC#NC#NC#NC
14.661315193,#NC,#NC,#NC,#NC#NC#NC#NC#NC#NC#NC#NC,#NC#NC#NC#NC#NC#NC#NC#NC
14.762324935,#NC,#NC,#NC,#NC#NC#NC#NC#NC#NC#NC#NC,#NC#NC#NC#NC#NC#NC#NC#NC
14.862837921,100.509033203,100.655883789,907.515625,#NC#NC#NC#NC#NC#NC#NC#NC,#NC#NC#NC#NC#NC#NC#NC#NC
14.963313994,#NC,#NC,#NC,#NC#NC#NC#NC#NC#NC#NC#NC,#NC#NC#NC#NC#NC#NC#NC#NC
15.063795255,#NC,#NC,#NC,#NC#NC#NC#NC#NC#NC#NC#NC,#NC#NC#NC#NC#NC#NC#NC#NC
15.164286633,#NC,#NC,#NC,#NC#NC#NC#NC#NC#NC#NC#NC,#NC#NC#NC#NC#NC#NC#NC#NC
15.264799260,102.383239746,102.164489746,917.172851562,#NC#NC#NC#NC#NC#NC#NC#NC,#NC#NC#NC#NC#NC#NC#NC#NC
15.365321356,#NC,#NC,#NC,#NC#NC#NC#NC#NC#NC#NC#NC,#NC#NC#NC#NC#NC#NC#NC#NC
15.466319202,#NC,#NC,#NC,#NC#NC#NC#NC#NC#NC#NC#NC,#NC#NC#NC#NC#NC#NC#NC#NC
15.566886770,#NC,#NC,#NC,#NC#NC#NC#NC#NC#NC#NC#NC,#NC#NC#NC#NC#NC#NC#NC#NC
15.667445420,101.91027832,101.722839355,913.799194336,37.4683837891,566.421936035
15.767947312,#NC,#NC,#NC,#NC#NC#NC#NC#NC#NC#NC#NC,#NC#NC#NC#NC#NC#NC#NC#NC
15.868435890,#NC,#NC,#NC,#NC#NC#NC#NC#NC#NC#NC#NC,#NC#NC#NC#NC#NC#NC#NC#NC
15.968947744,#NC,#NC,#NC,#NC#NC#NC#NC#NC#NC#NC#NC,#NC#NC#NC#NC#NC#NC#NC#NC
16.069444629,#NC,#NC,#NC,#NC#NC#NC#NC#NC#NC#NC#NC,#NC#NC#NC#NC#NC#NC#NC#NC
16.170335381,103.117492676,103.186950684,923.376586914,#NC#NC#NC#NC#NC#NC#NC#NC,#NC#NC#NC#NC#NC#NC#NC#NC
16.270840067,#NC,#NC,#NC,#NC#NC#NC#NC#NC#NC#NC#NC,#NC#NC#NC#NC#NC#NC#NC#NC
16.371342475,#NC,#NC,#NC,#NC#NC#NC#NC#NC#NC#NC#NC,#NC#NC#NC#NC#NC#NC#NC#NC
16.471841632,#NC,#NC,#NC,#NC#NC#NC#NC#NC#NC#NC#NC,#NC#NC#NC#NC#NC#NC#NC#NC
16.572361774,95.0928344727,95.1539916992,867.908691406,#NC#NC#NC#NC#NC#NC#NC#NC,#NC#NC#NC#NC#NC#NC#NC#NC
16.672863487,#NC,#NC,#NC,#NC#NC#NC#NC#NC#NC#NC#NC,#NC#NC#NC#NC#NC#NC#NC#NC
16.773377408,#NC,#NC,#NC,#NC#NC#NC#NC#NC#NC#NC#NC,#NC#NC#NC#NC#NC#NC#NC#NC
16.874329000,#NC,#NC,#NC,#NC#NC#NC#NC#NC#NC#NC#NC,#NC#NC#NC#NC#NC#NC#NC#NC
16.974864572,102.357055664,101.972412109,912.787353516,#NC#NC#NC#NC#NC#NC#NC#NC,#NC#NC#NC#NC#NC#NC#NC#NC
17.075356971,#NC,#NC,#NC,#NC#NC#NC#NC#NC#NC#NC#NC,#NC#NC#NC#NC#NC#NC#NC#NC
17.175880622,#NC,#NC,#NC,#NC#NC#NC#NC#NC#NC#NC#NC,#NC#NC#NC#NC#NC#NC#NC#NC
17.276377948,#NC,#NC,#NC,#NC#NC#NC#NC#NC#NC#NC#NC,#NC#NC#NC#NC#NC#NC#NC#NC
17.376927054,99.5746459961,99.4792480469,905.572814941,36.1502685547,565.30090332
17.477450777,#NC,#NC,#NC,#NC#NC#NC#NC#NC#NC#NC#NC,#NC#NC#NC#NC#NC#NC#NC#NC
17.578341236,#NC,#NC,#NC,#NC#NC#NC#NC#NC#NC#NC#NC,#NC#NC#NC#NC#NC#NC#NC#NC
17.678854656,#NC,#NC,#NC,#NC#NC#NC#NC#NC#NC#NC#NC,#NC#NC#NC#NC#NC#NC#NC#NC
17.779362741,#NC,#NC,#NC,#NC#NC#NC#NC#NC#NC#NC#NC,#NC#NC#NC#NC#NC#NC#NC#NC
17.879905375,100.356567383,100.318115234,905.16595459,#NC#NC#NC#NC#NC#NC#NC#NC,#NC#NC#NC#NC#NC#NC#NC#NC
17.980396744,#NC,#NC,#NC,#NC#NC#NC#NC#NC#NC#NC#NC,#NC#NC#NC#NC#NC#NC#NC#NC
18.080890879,#NC,#NC,#NC,#NC#NC#NC#NC#NC#NC#NC#NC,#NC#NC#NC#NC#NC#NC#NC#NC
18.181388448,#NC,#NC,#NC,#NC#NC#NC#NC#NC#NC#NC#NC,#NC#NC#NC#NC#NC#NC#NC#NC
18.282365834,100.275756836,100.110778809,912.899841309,#NC#NC#NC#NC#NC#NC#NC#NC,#NC#NC#NC#NC#NC#NC#NC#NC
18.382886978,#NC,#NC,#NC,#NC#NC#NC#NC#NC#NC#NC#NC,#NC#NC#NC#NC#NC#NC#NC#NC
18.483395229,#NC,#NC,#NC,#NC#NC#NC#NC#NC#NC#NC#NC,#NC#NC#NC#NC#NC#NC#NC#NC
18.583895966,#NC,#NC,#NC,#NC#NC#NC#NC#NC#NC#NC#NC,#NC#NC#NC#NC#NC#NC#NC#NC
18.684414587,95.1795043945,95.3931884766,860.867797852,#NC#NC#NC#NC#NC#NC#NC#NC,#NC#NC#NC#NC#NC#NC#NC#NC
18.784887436,#NC,#NC,#NC,#NC#NC#NC#NC#NC#NC#NC#NC,#NC#NC#NC#NC#NC#NC#NC#NC
18.885378552,#NC,#NC,#NC,#NC#NC#NC#NC#NC#NC#NC#NC,#NC#NC#NC#NC#NC#NC#NC#NC
18.986319332,#NC,#NC,#NC,#NC#NC#NC#NC#NC#NC#NC#NC,#NC#NC#NC#NC#NC#NC#NC#NC
19.086831724,#NC,#NC,#NC,#NC#NC#NC#NC#NC#NC#NC#NC,#NC#NC#NC#NC#NC#NC#NC#NC
19.187391380,101.785339355,101.571350098,915.394470215,37.4121704102,570.065551758
19.287909053,#NC,#NC,#NC,#NC#NC#NC#NC#NC#NC#NC#NC,#NC#NC#NC#NC#NC#NC#NC#NC
19.388407820,#NC,#NC,#NC,#NC#NC#NC#NC#NC#NC#NC#NC,#NC#NC#NC#NC#NC#NC#NC#NC
19.488893428,#NC,#NC,#NC,#NC#NC#NC#NC#NC#NC#NC#NC,#NC#NC#NC#NC#NC#NC#NC#NC
19.589394886,100.382080078,100.422790527,905.773803711,#NC#NC#NC#NC#NC#NC#NC#NC,#NC#NC#NC#NC#NC#NC#NC#NC
19.690330597,#NC,#NC,#NC,#NC#NC#NC#NC#NC#NC#NC#NC,#NC#NC#NC#NC#NC#NC#NC#NC
19.790835005,#NC,#NC,#NC,#NC#NC#NC#NC#NC#NC#NC#NC,#NC#NC#NC#NC#NC#NC#NC#NC
19.891323267,#NC,#NC,#NC,#NC#NC#NC#NC#NC#NC#NC#NC,#NC#NC#NC#NC#NC#NC#NC#NC
19.991831126,101.402893066,101.325683594,905.523864746,#NC#NC#NC#NC#NC#NC#NC#NC,#NC#NC#NC#NC#NC#NC#NC#NC
20.092311674,#NC,#NC,#NC,#NC#NC#NC#NC#NC#NC#NC#NC,#NC#NC#NC#NC#NC#NC#NC#NC
20.192787496,#NC,#NC,#NC,#NC#NC#NC#NC#NC#NC#NC#NC,#NC#NC#NC#NC#NC#NC#NC#NC
20.293309045,#NC,#NC,#NC,#NC#NC#NC#NC#NC#NC#NC#NC,#NC#NC#NC#NC#NC#NC#NC#NC
20.394325484,85.3148193359,83.9540405273,886.317016602,#NC#NC#NC#NC#NC#NC#NC#NC,#NC#NC#NC#NC#NC#NC#NC#NC
20.494853174,109.071960449,108.985168457,934.925598145,#NC#NC#NC#NC#NC#NC#NC#NC,#NC#NC#NC#NC#NC#NC#NC#NC
20.595346303,#NC,#NC,#NC,#NC#NC#NC#NC#NC#NC#NC#NC,#NC#NC#NC#NC#NC#NC#NC#NC
20.695844754,#NC,#NC,#NC,#NC#NC#NC#NC#NC#NC#NC#NC,#NC#NC#NC#NC#NC#NC#NC#NC
20.796333957,#NC,#NC,#NC,#NC#NC#NC#NC#NC#NC#NC#NC,#NC#NC#NC#NC#NC#NC#NC#NC
20.896863189,100.836242676,100.44140625,910.487060547,37.0695800781,568.874755859
20.997348332,#NC,#NC,#NC,#NC#NC#NC#NC#NC#NC#NC#NC,#NC#NC#NC#NC#NC#NC#NC#NC
21.098334043,#NC,#NC,#NC,#NC#NC#NC#NC#NC#NC#NC#NC,#NC#NC#NC#NC#NC#NC#NC#NC
21.198834435,#NC,#NC,#NC,#NC#NC#NC#NC#NC#NC#NC#NC,#NC#NC#NC#NC#NC#NC#NC#NC
21.299369976,96.6143798828,96.5825805664,871.303344727,#NC#NC#NC#NC#NC#NC#NC#NC,#NC#NC#NC#NC#NC#NC#NC#NC
21.399891904,#NC,#NC,#NC,#NC#NC#NC#NC#NC#NC#NC#NC,#NC#NC#NC#NC#NC#NC#NC#NC
21.500374429,#NC,#NC,#NC,#NC#NC#NC#NC#NC#NC#NC#NC,#NC#NC#NC#NC#NC#NC#NC#NC
21.600870406,#NC,#NC,#NC,#NC#NC#NC#NC#NC#NC#NC#NC,#NC#NC#NC#NC#NC#NC#NC#NC
21.701377816,95.4909057617,95.2344360352,860.088134766,#NC#NC#NC#NC#NC#NC#NC#NC,#NC#NC#NC#NC#NC#NC#NC#NC
21.802342901,#NC,#NC,#NC,#NC#NC#NC#NC#NC#NC#NC#NC,#NC#NC#NC#NC#NC#NC#NC#NC
21.902839582,#NC,#NC,#NC,#NC#NC#NC#NC#NC#NC#NC#NC,#NC#NC#NC#NC#NC#NC#NC#NC
22.003333381,#NC,#NC,#NC,#NC#NC#NC#NC#NC#NC#NC#NC,#NC#NC#NC#NC#NC#NC#NC#NC
22.103813086,#NC,#NC,#NC,#NC#NC#NC#NC#NC#NC#NC#NC,#NC#NC#NC#NC#NC#NC#NC#NC
22.204325731,100.419921875,100.339904785,910.501281738,#NC#NC#NC#NC#NC#NC#NC#NC,#NC#NC#NC#NC#NC#NC#NC#NC
22.304802177,#NC,#NC,#NC,#NC#NC#NC#NC#NC#NC#NC#NC,#NC#NC#NC#NC#NC#NC#NC#NC
22.405274215,#NC,#NC,#NC,#NC#NC#NC#NC#NC#NC#NC#NC,#NC#NC#NC#NC#NC#NC#NC#NC
22.506338482,#NC,#NC,#NC,#NC#NC#NC#NC#NC#NC#NC#NC,#NC#NC#NC#NC#NC#NC#NC#NC
22.606896090,94.5646362305,94.4805908203,858.745666504,37.314453125,532.513183594
22.707412737,#NC,#NC,#NC,#NC#NC#NC#NC#NC#NC#NC#NC,#NC#NC#NC#NC#NC#NC#NC#NC
22.807920186,#NC,#NC,#NC,#NC#NC#NC#NC#NC#NC#NC#NC,#NC#NC#NC#NC#NC#NC#NC#NC
22.908401581,#NC,#NC,#NC,#NC#NC#NC#NC#NC#NC#NC#NC,#NC#NC#NC#NC#NC#NC#NC#NC
23.008922003,99.2903442383,99.1586303711,906.407043457,#NC#NC#NC#NC#NC#NC#NC#NC,#NC#NC#NC#NC#NC#NC#NC#NC
23.109425992,#NC,#NC,#NC,#NC#NC#NC#NC#NC#NC#NC#NC,#NC#NC#NC#NC#NC#NC#NC#NC
23.210359099,#NC,#NC,#NC,#NC#NC#NC#NC#NC#NC#NC#NC,#NC#NC#NC#NC#NC#NC#NC#NC
23.310863322,#NC,#NC,#NC,#NC#NC#NC#NC#NC#NC#NC#NC,#NC#NC#NC#NC#NC#NC#NC#NC
23.411352896,#NC,#NC,#NC,#NC#NC#NC#NC#NC#NC#NC#NC,#NC#NC#NC#NC#NC#NC#NC#NC
23.511890462,100.20703125,99.9116210938,909.505065918,#NC#NC#NC#NC#NC#NC#NC#NC,#NC#NC#NC#NC#NC#NC#NC#NC
23.612376333,#NC,#NC,#NC,#NC#NC#NC#NC#NC#NC#NC#NC,#NC#NC#NC#NC#NC#NC#NC#NC
23.712877334,#NC,#NC,#NC,#NC#NC#NC#NC#NC#NC#NC#NC,#NC#NC#NC#NC#NC#NC#NC#NC
23.813370182,#NC,#NC,#NC,#NC#NC#NC#NC#NC#NC#NC#NC,#NC#NC#NC#NC#NC#NC#NC#NC
23.914343906,99.7979736328,99.6490478516,905.141113281,#NC#NC#NC#NC#NC#NC#NC#NC,#NC#NC#NC#NC#NC#NC#NC#NC
24.014849275,#NC,#NC,#NC,#NC#NC#NC#NC#NC#NC#NC#NC,#NC#NC#NC#NC#NC#NC#NC#NC
24.115351131,#NC,#NC,#NC,#NC#NC#NC#NC#NC#NC#NC#NC,#NC#NC#NC#NC#NC#NC#NC#NC
24.215877618,#NC,#NC,#NC,#NC#NC#NC#NC#NC#NC#NC#NC,#NC#NC#NC#NC#NC#NC#NC#NC
24.316424086,99.9672241211,100.015197754,909.231079102,37.2247924805,565.683288574
24.416917706,#NC,#NC,#NC,#NC#NC#NC#NC#NC#NC#NC#NC,#NC#NC#NC#NC#NC#NC#NC#NC
24.517413879,#NC,#NC,#NC,#NC#NC#NC#NC#NC#NC#NC#NC,#NC#NC#NC#NC#NC#NC#NC#NC
24.618382295,#NC,#NC,#NC,#NC#NC#NC#NC#NC#NC#NC#NC,#NC#NC#NC#NC#NC#NC#NC#NC
24.718881253,100.690795898,100.403259277,913.651245117,#NC#NC#NC#NC#NC#NC#NC#NC,#NC#NC#NC#NC#NC#NC#NC#NC
24.819364574,118.089660645,115.419006348,954.172180176,#NC#NC#NC#NC#NC#NC#NC#NC,#NC#NC#NC#NC#NC#NC#NC#NC
24.919869716,#NC,#NC,#NC,#NC#NC#NC#NC#NC#NC#NC#NC,#NC#NC#NC#NC#NC#NC#NC#NC
25.020354230,#NC,#NC,#NC,#NC#NC#NC#NC#NC#NC#NC#NC,#NC#NC#NC#NC#NC#NC#NC#NC
25.120838420,#NC,#NC,#NC,#NC#NC#NC#NC#NC#NC#NC#NC,#NC#NC#NC#NC#NC#NC#NC#NC
25.221359388,99.8146972656,98.8373413086,896.082397461,#NC#NC#NC#NC#NC#NC#NC#NC,#NC#NC#NC#NC#NC#NC#NC#NC
25.322344937,#NC,#NC,#NC,#NC#NC#NC#NC#NC#NC#NC#NC,#NC#NC#NC#NC#NC#NC#NC#NC
25.422859388,#NC,#NC,#NC,#NC#NC#NC#NC#NC#NC#NC#NC,#NC#NC#NC#NC#NC#NC#NC#NC
25.523348828,#NC,#NC,#NC,#NC#NC#NC#NC#NC#NC#NC#NC,#NC#NC#NC#NC#NC#NC#NC#NC
25.623882537,99.3890380859,99.5138549805,919.434020996,#NC#NC#NC#NC#NC#NC#NC#NC,#NC#NC#NC#NC#NC#NC#NC#NC
25.724370449,#NC,#NC,#NC,#NC#NC#NC#NC#NC#NC#NC#NC,#NC#NC#NC#NC#NC#NC#NC#NC
25.824862608,#NC,#NC,#NC,#NC#NC#NC#NC#NC#NC#NC#NC,#NC#NC#NC#NC#NC#NC#NC#NC
25.925357572,#NC,#NC,#NC,#NC#NC#NC#NC#NC#NC#NC#NC,#NC#NC#NC#NC#NC#NC#NC#NC
26.026190008,100.458435059,100.495056152,904.850891113,37.36328125,563.236877441
26.126665022,#NC,#NC,#NC,#NC#NC#NC#NC#NC#NC#NC#NC,#NC#NC#NC#NC#NC#NC#NC#NC
26.227167957,#NC,#NC,#NC,#NC#NC#NC#NC#NC#NC#NC#NC,#NC#NC#NC#NC#NC#NC#NC#NC
26.327661147,#NC,#NC,#NC,#NC#NC#NC#NC#NC#NC#NC#NC,#NC#NC#NC#NC#NC#NC#NC#NC
26.428189452,#NC,#NC,#NC,#NC#NC#NC#NC#NC#NC#NC#NC,#NC#NC#NC#NC#NC#NC#NC#NC
26.528682485,99.7901611328,100.055725098,911.281738281,#NC#NC#NC#NC#NC#NC#NC#NC,#NC#NC#NC#NC#NC#NC#NC#NC
26.629175524,#NC,#NC,#NC,#NC#NC#NC#NC#NC#NC#NC#NC,#NC#NC#NC#NC#NC#NC#NC#NC
26.730325037,#NC,#NC,#NC,#NC#NC#NC#NC#NC#NC#NC#NC,#NC#NC#NC#NC#NC#NC#NC#NC
26.830822149,#NC,#NC,#NC,#NC#NC#NC#NC#NC#NC#NC#NC,#NC#NC#NC#NC#NC#NC#NC#NC
26.931345372,101.365783691,101.246826172,918.221252441,#NC#NC#NC#NC#NC#NC#NC#NC,#NC#NC#NC#NC#NC#NC#NC#NC
27.031843191,#NC,#NC,#NC,#NC#NC#NC#NC#NC#NC#NC#NC,#NC#NC#NC#NC#NC#NC#NC#NC
27.132348057,#NC,#NC,#NC,#NC#NC#NC#NC#NC#NC#NC#NC,#NC#NC#NC#NC#NC#NC#NC#NC
27.232820258,#NC,#NC,#NC,#NC#NC#NC#NC#NC#NC#NC#NC,#NC#NC#NC#NC#NC#NC#NC#NC
27.333329011,94.9944458008,94.7448120117,854.845397949,#NC#NC#NC#NC#NC#NC#NC#NC,#NC#NC#NC#NC#NC#NC#NC#NC
27.434341235,#NC,#NC,#NC,#NC#NC#NC#NC#NC#NC#NC#NC,#NC#NC#NC#NC#NC#NC#NC#NC
27.534858568,#NC,#NC,#NC,#NC#NC#NC#NC#NC#NC#NC#NC,#NC#NC#NC#NC#NC#NC#NC#NC
27.635386621,#NC,#NC,#NC,#NC#NC#NC#NC#NC#NC#NC#NC,#NC#NC#NC#NC#NC#NC#NC#NC
27.735928761,91.9609375,87.5147705078,838.658630371,24.9983520508,#NC#NC#NC#NC#NC#NC#NC#NC
27.836468410,102.028015137,102.414733887,913.901977539,#NC#NC#NC#NC#NC#NC#NC#NC,567.104919434
27.936934171,#NC,#NC,#NC,#NC#NC#NC#NC#NC#NC#NC#NC,#NC#NC#NC#NC#NC#NC#NC#NC
28.037422258,#NC,#NC,#NC,#NC#NC#NC#NC#NC#NC#NC#NC,#NC#NC#NC#NC#NC#NC#NC#NC
28.138199330,#NC,#NC,#NC,#NC#NC#NC#NC#NC#NC#NC#NC,#NC#NC#NC#NC#NC#NC#NC#NC
28.238683302,100.207397461,100.209472656,915.246520996,#NC#NC#NC#NC#NC#NC#NC#NC,#NC#NC#NC#NC#NC#NC#NC#NC
28.339200239,#NC,#NC,#NC,#NC#NC#NC#NC#NC#NC#NC#NC,#NC#NC#NC#NC#NC#NC#NC#NC
28.439724962,#NC,#NC,#NC,#NC#NC#NC#NC#NC#NC#NC#NC,#NC#NC#NC#NC#NC#NC#NC#NC
28.540231587,#NC,#NC,#NC,#NC#NC#NC#NC#NC#NC#NC#NC,#NC#NC#NC#NC#NC#NC#NC#NC
28.640723202,99.7901611328,99.8790283203,912.181640625,#NC#NC#NC#NC#NC#NC#NC#NC,#NC#NC#NC#NC#NC#NC#NC#NC
28.741228595,#NC,#NC,#NC,#NC#NC#NC#NC#NC#NC#NC#NC,#NC#NC#NC#NC#NC#NC#NC#NC
28.842327904,#NC,#NC,#NC,#NC#NC#NC#NC#NC#NC#NC#NC,#NC#NC#NC#NC#NC#NC#NC#NC
28.942821977,#NC,#NC,#NC,#NC#NC#NC#NC#NC#NC#NC#NC,#NC#NC#NC#NC#NC#NC#NC#NC
29.043341652,96.6822509766,96.5901489258,867.089416504,#NC#NC#NC#NC#NC#NC#NC#NC,#NC#NC#NC#NC#NC#NC#NC#NC
29.143834895,#NC,#NC,#NC,#NC#NC#NC#NC#NC#NC#NC#NC,#NC#NC#NC#NC#NC#NC#NC#NC
29.244321860,#NC,#NC,#NC,#NC#NC#NC#NC#NC#NC#NC#NC,#NC#NC#NC#NC#NC#NC#NC#NC
29.344831555,#NC,#NC,#NC,#NC#NC#NC#NC#NC#NC#NC#NC,#NC#NC#NC#NC#NC#NC#NC#NC
29.445329369,#NC,#NC,#NC,#NC#NC#NC#NC#NC#NC#NC#NC,#NC#NC#NC#NC#NC#NC#NC#NC
29.546322079,99.9905395508,100.203308105,909.983581543,37.3258666992,567.443237305
29.646820888,#NC,#NC,#NC,#NC#NC#NC#NC#NC#NC#NC#NC,#NC#NC#NC#NC#NC#NC#NC#NC
29.747308110,#NC,#NC,#NC,#NC#NC#NC#NC#NC#NC#NC#NC,#NC#NC#NC#NC#NC#NC#NC#NC
29.847805916,#NC,#NC,#NC,#NC#NC#NC#NC#NC#NC#NC#NC,#NC#NC#NC#NC#NC#NC#NC#NC
29.948337414,99.7675170898,99.4722900391,916.256469727,#NC#NC#NC#NC#NC#NC#NC#NC,#NC#NC#NC#NC#NC#NC#NC#NC
30.048832739,#NC,#NC,#NC,#NC#NC#NC#NC#NC#NC#NC#NC,#NC#NC#NC#NC#NC#NC#NC#NC
30.149317671,#NC,#NC,#NC,#NC#NC#NC#NC#NC#NC#NC#NC,#NC#NC#NC#NC#NC#NC#NC#NC
30.250329237,#NC,#NC,#NC,#NC#NC#NC#NC#NC#NC#NC#NC,#NC#NC#NC#NC#NC#NC#NC#NC
30.350867459,101.124633789,101.26763916,915.144470215,#NC#NC#NC#NC#NC#NC#NC#NC,#NC#NC#NC#NC#NC#NC#NC#NC
30.451366686,#NC,#NC,#NC,#NC#NC#NC#NC#NC#NC#NC#NC,#NC#NC#NC#NC#NC#NC#NC#NC
30.551878412,#NC,#NC,#NC,#NC#NC#NC#NC#NC#NC#NC#NC,#NC#NC#NC#NC#NC#NC#NC#NC
30.652382409,#NC,#NC,#NC,#NC#NC#NC#NC#NC#NC#NC#NC,#NC#NC#NC#NC#NC#NC#NC#NC
30.752875262,#NC,#NC,#NC,#NC#NC#NC#NC#NC#NC#NC#NC,#NC#NC#NC#NC#NC#NC#NC#NC
30.853385182,100.711975098,100.498840332,908.713745117,#NC#NC#NC#NC#NC#NC#NC#NC,#NC#NC#NC#NC#NC#NC#NC#NC
30.954321092,#NC,#NC,#NC,#NC#NC#NC#NC#NC#NC#NC#NC,#NC#NC#NC#NC#NC#NC#NC#NC
31.054832216,#NC,#NC,#NC,#NC#NC#NC#NC#NC#NC#NC#NC,#NC#NC#NC#NC#NC#NC#NC#NC
31.155324845,#NC,#NC,#NC,#NC#NC#NC#NC#NC#NC#NC#NC,#NC#NC#NC#NC#NC#NC#NC#NC
31.255890586,99.0952148438,99.7601928711,909.670959473,37.2787475586,569.326538086
31.356375930,#NC,#NC,#NC,#NC#NC#NC#NC#NC#NC#NC#NC,#NC#NC#NC#NC#NC#NC#NC#NC
31.456871304,#NC,#NC,#NC,#NC#NC#NC#NC#NC#NC#NC#NC,#NC#NC#NC#NC#NC#NC#NC#NC
31.557355682,#NC,#NC,#NC,#NC#NC#NC#NC#NC#NC#NC#NC,#NC#NC#NC#NC#NC#NC#NC#NC
31.658318502,101.128723145,101.323913574,908.271057129,#NC#NC#NC#NC#NC#NC#NC#NC,#NC#NC#NC#NC#NC#NC#NC#NC
31.758832144,#NC,#NC,#NC,#NC#NC#NC#NC#NC#NC#NC#NC,#NC#NC#NC#NC#NC#NC#NC#NC
31.859337661,#NC,#NC,#NC,#NC#NC#NC#NC#NC#NC#NC#NC,#NC#NC#NC#NC#NC#NC#NC#NC
31.959875247,#NC,#NC,#NC,#NC#NC#NC#NC#NC#NC#NC#NC,#NC#NC#NC#NC#NC#NC#NC#NC
32.060376970,98.2485961914,97.2440795898,914.365661621,#NC#NC#NC#NC#NC#NC#NC#NC,#NC#NC#NC#NC#NC#NC#NC#NC
32.160891314,108.693847656,109.260559082,919.665161133,#NC#NC#NC#NC#NC#NC#NC#NC,#NC#NC#NC#NC#NC#NC#NC#NC
32.261381325,#NC,#NC,#NC,#NC#NC#NC#NC#NC#NC#NC#NC,#NC#NC#NC#NC#NC#NC#NC#NC
32.362107970,#NC,#NC,#NC,#NC#NC#NC#NC#NC#NC#NC#NC,#NC#NC#NC#NC#NC#NC#NC#NC
32.462749055,#NC,#NC,#NC,#NC#NC#NC#NC#NC#NC#NC#NC,#NC#NC#NC#NC#NC#NC#NC#NC
32.563256191,100.093261719,99.9534301758,916.380310059,#NC#NC#NC#NC#NC#NC#NC#NC,#NC#NC#NC#NC#NC#NC#NC#NC
32.663764127,#NC,#NC,#NC,#NC#NC#NC#NC#NC#NC#NC#NC,#NC#NC#NC#NC#NC#NC#NC#NC
32.764267765,#NC,#NC,#NC,#NC#NC#NC#NC#NC#NC#NC#NC,#NC#NC#NC#NC#NC#NC#NC#NC
32.864782590,#NC,#NC,#NC,#NC#NC#NC#NC#NC#NC#NC#NC,#NC#NC#NC#NC#NC#NC#NC#NC
32.965310666,100.917114258,100.120849609,908.014648438,37.2293701172,565.623840332
33.066367913,#NC,#NC,#NC,#NC#NC#NC#NC#NC#NC#NC#NC,#NC#NC#NC#NC#NC#NC#NC#NC
33.166873681,#NC,#NC,#NC,#NC#NC#NC#NC#NC#NC#NC#NC,#NC#NC#NC#NC#NC#NC#NC#NC
33.267384195,#NC,#NC,#NC,#NC#NC#NC#NC#NC#NC#NC#NC,#NC#NC#NC#NC#NC#NC#NC#NC
33.367918063,100.911254883,100.816711426,911.477233887,#NC#NC#NC#NC#NC#NC#NC#NC,#NC#NC#NC#NC#NC#NC#NC#NC
33.468397919,#NC,#NC,#NC,#NC#NC#NC#NC#NC#NC#NC#NC,#NC#NC#NC#NC#NC#NC#NC#NC
33.568892890,#NC,#NC,#NC,#NC#NC#NC#NC#NC#NC#NC#NC,#NC#NC#NC#NC#NC#NC#NC#NC
33.669382609,#NC,#NC,#NC,#NC#NC#NC#NC#NC#NC#NC#NC,#NC#NC#NC#NC#NC#NC#NC#NC
33.770107348,#NC,#NC,#NC,#NC#NC#NC#NC#NC#NC#NC#NC,#NC#NC#NC#NC#NC#NC#NC#NC
33.870758319,100.220336914,99.9751586914,909.324829102,#NC#NC#NC#NC#NC#NC#NC#NC,#NC#NC#NC#NC#NC#NC#NC#NC
33.971254384,#NC,#NC,#NC,#NC#NC#NC#NC#NC#NC#NC#NC,#NC#NC#NC#NC#NC#NC#NC#NC
34.071743825,#NC,#NC,#NC,#NC#NC#NC#NC#NC#NC#NC#NC,#NC#NC#NC#NC#NC#NC#NC#NC
34.172227091,#NC,#NC,#NC,#NC#NC#NC#NC#NC#NC#NC#NC,#NC#NC#NC#NC#NC#NC#NC#NC
34.272707085,100.104125977,99.4790649414,906.644714355,#NC#NC#NC#NC#NC#NC#NC#NC,#NC#NC#NC#NC#NC#NC#NC#NC
34.373214528,#NC,#NC,#NC,#NC#NC#NC#NC#NC#NC#NC#NC,#NC#NC#NC#NC#NC#NC#NC#NC
34.474118419,#NC,#NC,#NC,#NC#NC#NC#NC#NC#NC#NC#NC,#NC#NC#NC#NC#NC#NC#NC#NC
34.574752445,#NC,#NC,#NC,#NC#NC#NC#NC#NC#NC#NC#NC,#NC#NC#NC#NC#NC#NC#NC#NC
34.675297367,100.460510254,100.641662598,915.317749023,37.3154296875,569.107177734
34.775815860,#NC,#NC,#NC,#NC#NC#NC#NC#NC#NC#NC#NC,#NC#NC#NC#NC#NC#NC#NC#NC
34.876308926,#NC,#NC,#NC,#NC#NC#NC#NC#NC#NC#NC#NC,#NC#NC#NC#NC#NC#NC#NC#NC
34.976792989,#NC,#NC,#NC,#NC#NC#NC#NC#NC#NC#NC#NC,#NC#NC#NC#NC#NC#NC#NC#NC
35.077285009,#NC,#NC,#NC,#NC#NC#NC#NC#NC#NC#NC#NC,#NC#NC#NC#NC#NC#NC#NC#NC
35.178332961,100.407592773,100.498352051,913.638427734,#NC#NC#NC#NC#NC#NC#NC#NC,#NC#NC#NC#NC#NC#NC#NC#NC
35.278849459,#NC,#NC,#NC,#NC#NC#NC#NC#NC#NC#NC#NC,#NC#NC#NC#NC#NC#NC#NC#NC
35.379349715,#NC,#NC,#NC,#NC#NC#NC#NC#NC#NC#NC#NC,#NC#NC#NC#NC#NC#NC#NC#NC
35.479873593,#NC,#NC,#NC,#NC#NC#NC#NC#NC#NC#NC#NC,#NC#NC#NC#NC#NC#NC#NC#NC
35.580394919,94.3401489258,94.0463256836,860.418273926,#NC#NC#NC#NC#NC#NC#NC#NC,#NC#NC#NC#NC#NC#NC#NC#NC
35.680884824,#NC,#NC,#NC,#NC#NC#NC#NC#NC#NC#NC#NC,#NC#NC#NC#NC#NC#NC#NC#NC
35.781386899,#NC,#NC,#NC,#NC#NC#NC#NC#NC#NC#NC#NC,#NC#NC#NC#NC#NC#NC#NC#NC
35.882335561,#NC,#NC,#NC,#NC#NC#NC#NC#NC#NC#NC#NC,#NC#NC#NC#NC#NC#NC#NC#NC
35.982864034,101.035888672,100.879760742,909.00970459,#NC#NC#NC#NC#NC#NC#NC#NC,#NC#NC#NC#NC#NC#NC#NC#NC
36.083353435,#NC,#NC,#NC,#NC#NC#NC#NC#NC#NC#NC#NC,#NC#NC#NC#NC#NC#NC#NC#NC
36.183899447,#NC,#NC,#NC,#NC#NC#NC#NC#NC#NC#NC#NC,#NC#NC#NC#NC#NC#NC#NC#NC
36.284400028,#NC,#NC,#NC,#NC#NC#NC#NC#NC#NC#NC#NC,#NC#NC#NC#NC#NC#NC#NC#NC
36.384947896,99.8679199219,99.8602905273,902.937438965,32.1579589844,562.132324219
36.485467725,#NC,#NC,#NC,#NC#NC#NC#NC#NC#NC#NC#NC,#NC#NC#NC#NC#NC#NC#NC#NC
36.586359921,#NC,#NC,#NC,#NC#NC#NC#NC#NC#NC#NC#NC,#NC#NC#NC#NC#NC#NC#NC#NC
36.686850218,#NC,#NC,#NC,#NC#NC#NC#NC#NC#NC#NC#NC,#NC#NC#NC#NC#NC#NC#NC#NC
36.787318335,#NC,#NC,#NC,#NC#NC#NC#NC#NC#NC#NC#NC,#NC#NC#NC#NC#NC#NC#NC#NC
36.887831539,99.9474487305,99.7548217773,906.491455078,#NC#NC#NC#NC#NC#NC#NC#NC,#NC#NC#NC#NC#NC#NC#NC#NC
36.988318782,#NC,#NC,#NC,#NC#NC#NC#NC#NC#NC#NC#NC,#NC#NC#NC#NC#NC#NC#NC#NC
37.088797909,#NC,#NC,#NC,#NC#NC#NC#NC#NC#NC#NC#NC,#NC#NC#NC#NC#NC#NC#NC#NC
37.189283976,#NC,#NC,#NC,#NC#NC#NC#NC#NC#NC#NC#NC,#NC#NC#NC#NC#NC#NC#NC#NC
37.290334189,99.7005615234,99.5195922852,906.648071289,#NC#NC#NC#NC#NC#NC#NC#NC,#NC#NC#NC#NC#NC#NC#NC#NC
37.390837394,#NC,#NC,#NC,#NC#NC#NC#NC#NC#NC#NC#NC,#NC#NC#NC#NC#NC#NC#NC#NC
37.491349925,#NC,#NC,#NC,#NC#NC#NC#NC#NC#NC#NC#NC,#NC#NC#NC#NC#NC#NC#NC#NC
37.591867233,#NC,#NC,#NC,#NC#NC#NC#NC#NC#NC#NC#NC,#NC#NC#NC#NC#NC#NC#NC#NC
37.692389362,100.813842773,100.497314453,910.400939941,#NC#NC#NC#NC#NC#NC#NC#NC,#NC#NC#NC#NC#NC#NC#NC#NC
37.792881525,#NC,#NC,#NC,#NC#NC#NC#NC#NC#NC#NC#NC,#NC#NC#NC#NC#NC#NC#NC#NC
37.893349691,#NC,#NC,#NC,#NC#NC#NC#NC#NC#NC#NC#NC,#NC#NC#NC#NC#NC#NC#NC#NC
37.994319243,#NC,#NC,#NC,#NC#NC#NC#NC#NC#NC#NC#NC,#NC#NC#NC#NC#NC#NC#NC#NC
38.094832102,#NC,#NC,#NC,#NC#NC#NC#NC#NC#NC#NC#NC,#NC#NC#NC#NC#NC#NC#NC#NC
38.195376183,101.35723877,101.433776855,908.066955566,37.4042358398,567.827941895
38.295892825,#NC,#NC,#NC,#NC#NC#NC#NC#NC#NC#NC#NC,#NC#NC#NC#NC#NC#NC#NC#NC
38.396380534,#NC,#NC,#NC,#NC#NC#NC#NC#NC#NC#NC#NC,#NC#NC#NC#NC#NC#NC#NC#NC
38.496857035,#NC,#NC,#NC,#NC#NC#NC#NC#NC#NC#NC#NC,#NC#NC#NC#NC#NC#NC#NC#NC
38.597347601,99.6268920898,99.5918579102,905.137451172,#NC#NC#NC#NC#NC#NC#NC#NC,#NC#NC#NC#NC#NC#NC#NC#NC
38.698311218,#NC,#NC,#NC,#NC#NC#NC#NC#NC#NC#NC#NC,#NC#NC#NC#NC#NC#NC#NC#NC
38.798834733,#NC,#NC,#NC,#NC#NC#NC#NC#NC#NC#NC#NC,#NC#NC#NC#NC#NC#NC#NC#NC
38.899315177,#NC,#NC,#NC,#NC#NC#NC#NC#NC#NC#NC#NC,#NC#NC#NC#NC#NC#NC#NC#NC
38.999824966,100.316101074,100.18145752,912.950805664,#NC#NC#NC#NC#NC#NC#NC#NC,#NC#NC#NC#NC#NC#NC#NC#NC
39.100324950,#NC,#NC,#NC,#NC#NC#NC#NC#NC#NC#NC#NC,#NC#NC#NC#NC#NC#NC#NC#NC
39.200804169,#NC,#NC,#NC,#NC#NC#NC#NC#NC#NC#NC#NC,#NC#NC#NC#NC#NC#NC#NC#NC
39.301310564,#NC,#NC,#NC,#NC#NC#NC#NC#NC#NC#NC#NC,#NC#NC#NC#NC#NC#NC#NC#NC
39.402110623,88.6450805664,87.3312988281,895.95324707,#NC#NC#NC#NC#NC#NC#NC#NC,#NC#NC#NC#NC#NC#NC#NC#NC
39.502768065,107.657592773,107.401367188,914.544128418,#NC#NC#NC#NC#NC#NC#NC#NC,#NC#NC#NC#NC#NC#NC#NC#NC
39.603258016,#NC,#NC,#NC,#NC#NC#NC#NC#NC#NC#NC#NC,#NC#NC#NC#NC#NC#NC#NC#NC
39.703754255,#NC,#NC,#NC,#NC#NC#NC#NC#NC#NC#NC#NC,#NC#NC#NC#NC#NC#NC#NC#NC
39.804257471,#NC,#NC,#NC,#NC#NC#NC#NC#NC#NC#NC#NC,#NC#NC#NC#NC#NC#NC#NC#NC
39.904797576,100.313720703,99.7684326172,911.974975586,32.4925537109,567.533508301
40.005288248,#NC,#NC,#NC,#NC#NC#NC#NC#NC#NC#NC#NC,#NC#NC#NC#NC#NC#NC#NC#NC
40.106349039,#NC,#NC,#NC,#NC#NC#NC#NC#NC#NC#NC#NC,#NC#NC#NC#NC#NC#NC#NC#NC
40.206843359,#NC,#NC,#NC,#NC#NC#NC#NC#NC#NC#NC#NC,#NC#NC#NC#NC#NC#NC#NC#NC
40.307355109,94.7051391602,94.575012207,864.199157715,#NC#NC#NC#NC#NC#NC#NC#NC,#NC#NC#NC#NC#NC#NC#NC#NC
40.407859625,#NC,#NC,#NC,#NC#NC#NC#NC#NC#NC#NC#NC,#NC#NC#NC#NC#NC#NC#NC#NC
40.508360914,#NC,#NC,#NC,#NC#NC#NC#NC#NC#NC#NC#NC,#NC#NC#NC#NC#NC#NC#NC#NC
40.608833542,#NC,#NC,#NC,#NC#NC#NC#NC#NC#NC#NC#NC,#NC#NC#NC#NC#NC#NC#NC#NC
40.709331124,99.6326904297,99.5301513672,905.276977539,#NC#NC#NC#NC#NC#NC#NC#NC,#NC#NC#NC#NC#NC#NC#NC#NC
40.810352729,#NC,#NC,#NC,#NC#NC#NC#NC#NC#NC#NC#NC,#NC#NC#NC#NC#NC#NC#NC#NC
40.910870828,#NC,#NC,#NC,#NC#NC#NC#NC#NC#NC#NC#NC,#NC#NC#NC#NC#NC#NC#NC#NC
41.011368277,#NC,#NC,#NC,#NC#NC#NC#NC#NC#NC#NC#NC,#NC#NC#NC#NC#NC#NC#NC#NC
41.111891586,#NC,#NC,#NC,#NC#NC#NC#NC#NC#NC#NC#NC,#NC#NC#NC#NC#NC#NC#NC#NC
41.212395109,99.5648803711,99.6287841797,907.51763916,#NC#NC#NC#NC#NC#NC#NC#NC,#NC#NC#NC#NC#NC#NC#NC#NC
41.312910037,#NC,#NC,#NC,#NC#NC#NC#NC#NC#NC#NC#NC,#NC#NC#NC#NC#NC#NC#NC#NC
41.413396393,#NC,#NC,#NC,#NC#NC#NC#NC#NC#NC#NC#NC,#NC#NC#NC#NC#NC#NC#NC#NC
41.514335626,#NC,#NC,#NC,#NC#NC#NC#NC#NC#NC#NC#NC,#NC#NC#NC#NC#NC#NC#NC#NC
41.614904274,95.3472290039,95.0178222656,856.642089844,37.1370849609,526.645935059
41.715405375,#NC,#NC,#NC,#NC#NC#NC#NC#NC#NC#NC#NC,#NC#NC#NC#NC#NC#NC#NC#NC
41.815936329,#NC,#NC,#NC,#NC#NC#NC#NC#NC#NC#NC#NC,#NC#NC#NC#NC#NC#NC#NC#NC
41.916433635,#NC,#NC,#NC,#NC#NC#NC#NC#NC#NC#NC#NC,#NC#NC#NC#NC#NC#NC#NC#NC
42.016940361,101.401794434,101.472229004,911.690917969,#NC#NC#NC#NC#NC#NC#NC#NC,#NC#NC#NC#NC#NC#NC#NC#NC
42.117434748,#NC,#NC,#NC,#NC#NC#NC#NC#NC#NC#NC#NC,#NC#NC#NC#NC#NC#NC#NC#NC
42.218328139,#NC,#NC,#NC,#NC#NC#NC#NC#NC#NC#NC#NC,#NC#NC#NC#NC#NC#NC#NC#NC
42.318831836,#NC,#NC,#NC,#NC#NC#NC#NC#NC#NC#NC#NC,#NC#NC#NC#NC#NC#NC#NC#NC
42.419327156,#NC,#NC,#NC,#NC#NC#NC#NC#NC#NC#NC#NC,#NC#NC#NC#NC#NC#NC#NC#NC
42.519822910,99.7623901367,100.015197754,918.171508789,#NC#NC#NC#NC#NC#NC#NC#NC,#NC#NC#NC#NC#NC#NC#NC#NC
42.620308561,#NC,#NC,#NC,#NC#NC#NC#NC#NC#NC#NC#NC,#NC#NC#NC#NC#NC#NC#NC#NC
42.720810695,#NC,#NC,#NC,#NC#NC#NC#NC#NC#NC#NC#NC,#NC#NC#NC#NC#NC#NC#NC#NC
42.821316748,#NC,#NC,#NC,#NC#NC#NC#NC#NC#NC#NC#NC,#NC#NC#NC#NC#NC#NC#NC#NC
42.922342137,100.448486328,100.421081543,918.246826172,#NC#NC#NC#NC#NC#NC#NC#NC,#NC#NC#NC#NC#NC#NC#NC#NC
43.022847372,#NC,#NC,#NC,#NC#NC#NC#NC#NC#NC#NC#NC,#NC#NC#NC#NC#NC#NC#NC#NC
43.123339780,#NC,#NC,#NC,#NC#NC#NC#NC#NC#NC#NC#NC,#NC#NC#NC#NC#NC#NC#NC#NC
43.223835020,#NC,#NC,#NC,#NC#NC#NC#NC#NC#NC#NC#NC,#NC#NC#NC#NC#NC#NC#NC#NC
43.324367098,101.253417969,101.065734863,913.921875,37.3619995117,570.53503418
43.424877172,#NC,#NC,#NC,#NC#NC#NC#NC#NC#NC#NC#NC,#NC#NC#NC#NC#NC#NC#NC#NC
43.525377930,#NC,#NC,#NC,#NC#NC#NC#NC#NC#NC#NC#NC,#NC#NC#NC#NC#NC#NC#NC#NC
43.626382008,#NC,#NC,#NC,#NC#NC#NC#NC#NC#NC#NC#NC,#NC#NC#NC#NC#NC#NC#NC#NC
43.726899103,102.366088867,101.995483398,910.53704834,#NC#NC#NC#NC#NC#NC#NC#NC,#NC#NC#NC#NC#NC#NC#NC#NC
43.827424630,116.501647949,117.052612305,954.900024414,#NC#NC#NC#NC#NC#NC#NC#NC,#NC#NC#NC#NC#NC#NC#NC#NC
43.927929172,#NC,#NC,#NC,#NC#NC#NC#NC#NC#NC#NC#NC,#NC#NC#NC#NC#NC#NC#NC#NC
44.028413193,#NC,#NC,#NC,#NC#NC#NC#NC#NC#NC#NC#NC,#NC#NC#NC#NC#NC#NC#NC#NC
44.128915156,#NC,#NC,#NC,#NC#NC#NC#NC#NC#NC#NC#NC,#NC#NC#NC#NC#NC#NC#NC#NC
44.229410145,100.201965332,99.8980102539,911.898681641,#NC#NC#NC#NC#NC#NC#NC#NC,#NC#NC#NC#NC#NC#NC#NC#NC
44.330184399,#NC,#NC,#NC,#NC#NC#NC#NC#NC#NC#NC#NC,#NC#NC#NC#NC#NC#NC#NC#NC
44.430651248,#NC,#NC,#NC,#NC#NC#NC#NC#NC#NC#NC#NC,#NC#NC#NC#NC#NC#NC#NC#NC
44.531162391,#NC,#NC,#NC,#NC#NC#NC#NC#NC#NC#NC#NC,#NC#NC#NC#NC#NC#NC#NC#NC
44.631674208,99.991394043,99.8391723633,906.139282227,#NC#NC#NC#NC#NC#NC#NC#NC,#NC#NC#NC#NC#NC#NC#NC#NC
44.732174987,#NC,#NC,#NC,#NC#NC#NC#NC#NC#NC#NC#NC,#NC#NC#NC#NC#NC#NC#NC#NC
44.832661733,#NC,#NC,#NC,#NC#NC#NC#NC#NC#NC#NC#NC,#NC#NC#NC#NC#NC#NC#NC#NC
44.933163893,#NC,#NC,#NC,#NC#NC#NC#NC#NC#NC#NC#NC,#NC#NC#NC#NC#NC#NC#NC#NC
45.034339000,99.9519042969,99.4392700195,907.436889648,37.2614135742,569.356567383
45.134864733,#NC,#NC,#NC,#NC#NC#NC#NC#NC#NC#NC#NC,#NC#NC#NC#NC#NC#NC#NC#NC
45.235352014,#NC,#NC,#NC,#NC#NC#NC#NC#NC#NC#NC#NC,#NC#NC#NC#NC#NC#NC#NC#NC
45.335861458,#NC,#NC,#NC,#NC#NC#NC#NC#NC#NC#NC#NC,#NC#NC#NC#NC#NC#NC#NC#NC
45.436350906,#NC,#NC,#NC,#NC#NC#NC#NC#NC#NC#NC#NC,#NC#NC#NC#NC#NC#NC#NC#NC
45.536844351,94.8341674805,95.0588989258,863.732971191,#NC#NC#NC#NC#NC#NC#NC#NC,#NC#NC#NC#NC#NC#NC#NC#NC
45.637351526,#NC,#NC,#NC,#NC#NC#NC#NC#NC#NC#NC#NC,#NC#NC#NC#NC#NC#NC#NC#NC
45.738348132,#NC,#NC,#NC,#NC#NC#NC#NC#NC#NC#NC#NC,#NC#NC#NC#NC#NC#NC#NC#NC
45.838850782,#NC,#NC,#NC,#NC#NC#NC#NC#NC#NC#NC#NC,#NC#NC#NC#NC#NC#NC#NC#NC
45.939373546,100.753845215,100.505737305,919.209289551,#NC#NC#NC#NC#NC#NC#NC#NC,#NC#NC#NC#NC#NC#NC#NC#NC
46.039902909,#NC,#NC,#NC,#NC#NC#NC#NC#NC#NC#NC#NC,#NC#NC#NC#NC#NC#NC#NC#NC
46.140387217,#NC,#NC,#NC,#NC#NC#NC#NC#NC#NC#NC#NC,#NC#NC#NC#NC#NC#NC#NC#NC
46.240887161,#NC,#NC,#NC,#NC#NC#NC#NC#NC#NC#NC#NC,#NC#NC#NC#NC#NC#NC#NC#NC
46.341394162,100.494750977,100.524230957,909.847106934,#NC#NC#NC#NC#NC#NC#NC#NC,#NC#NC#NC#NC#NC#NC#NC#NC
46.442356481,#NC,#NC,#NC,#NC#NC#NC#NC#NC#NC#NC#NC,#NC#NC#NC#NC#NC#NC#NC#NC
46.542863940,#NC,#NC,#NC,#NC#NC#NC#NC#NC#NC#NC#NC,#NC#NC#NC#NC#NC#NC#NC#NC
46.643413268,#NC,#NC,#NC,#NC#NC#NC#NC#NC#NC#NC#NC,#NC#NC#NC#NC#NC#NC#NC#NC
46.743942117,102.448059082,98.9250488281,937.429870605,37.4759521484,#NC#NC#NC#NC#NC#NC#NC#NC
46.844458701,103.196044922,103.467834473,911.092651367,#NC#NC#NC#NC#NC#NC#NC#NC,563.661437988
46.944934637,#NC,#NC,#NC,#NC#NC#NC#NC#NC#NC#NC#NC,#NC#NC#NC#NC#NC#NC#NC#NC
47.045407635,#NC,#NC,#NC,#NC#NC#NC#NC#NC#NC#NC#NC,#NC#NC#NC#NC#NC#NC#NC#NC
47.146336498,#NC,#NC,#NC,#NC#NC#NC#NC#NC#NC#NC#NC,#NC#NC#NC#NC#NC#NC#NC#NC
47.246849725,94.7239990234,94.8804321289,859.592651367,#NC#NC#NC#NC#NC#NC#NC#NC,#NC#NC#NC#NC#NC#NC#NC#NC
47.347340591,#NC,#NC,#NC,#NC#NC#NC#NC#NC#NC#NC#NC,#NC#NC#NC#NC#NC#NC#NC#NC
47.447870281,#NC,#NC,#NC,#NC#NC#NC#NC#NC#NC#NC#NC,#NC#NC#NC#NC#NC#NC#NC#NC
47.548367458,#NC,#NC,#NC,#NC#NC#NC#NC#NC#NC#NC#NC,#NC#NC#NC#NC#NC#NC#NC#NC
47.648865365,99.4606323242,99.2663574219,913.96862793,#NC#NC#NC#NC#NC#NC#NC#NC,#NC#NC#NC#NC#NC#NC#NC#NC
47.749370935,#NC,#NC,#NC,#NC#NC#NC#NC#NC#NC#NC#NC,#NC#NC#NC#NC#NC#NC#NC#NC
47.849985429,#NC,#NC,#NC,#NC#NC#NC#NC#NC#NC#NC#NC,#NC#NC#NC#NC#NC#NC#NC#NC
47.950373808,#NC,#NC,#NC,#NC#NC#NC#NC#NC#NC#NC#NC,#NC#NC#NC#NC#NC#NC#NC#NC
48.050881803,#NC,#NC,#NC,#NC#NC#NC#NC#NC#NC#NC#NC,#NC#NC#NC#NC#NC#NC#NC#NC
48.151267876,10.7705688477,10.7886352539,123.744934082,#NC#NC#NC#NC#NC#NC#NC#NC,#NC#NC#NC#NC#NC#NC#NC#NC
48.251602517,#NC,#NC,#NC,#NC#NC#NC#NC#NC#NC#NC#NC,#NC#NC#NC#NC#NC#NC#NC#NC
48.351955391,#NC,#NC,#NC,#NC#NC#NC#NC#NC#NC#NC#NC,#NC#NC#NC#NC#NC#NC#NC#NC
48.452606009,#NC,#NC,#NC,#NC#NC#NC#NC#NC#NC#NC#NC,#NC#NC#NC#NC#NC#NC#NC#NC
48.553304389,0.0745849609375,0.104553222656,0.589416503906,0.0890502929688,0.138061523438
48.654006339,#NC,#NC,#NC,#NC#NC#NC#NC#NC#NC#NC#NC,#NC#NC#NC#NC#NC#NC#NC#NC
48.754651590,#NC,#NC,#NC,#NC#NC#NC#NC#NC#NC#NC#NC,#NC#NC#NC#NC#NC#NC#NC#NC
48.855306907,#NC,#NC,#NC,#NC#NC#NC#NC#NC#NC#NC#NC,#NC#NC#NC#NC#NC#NC#NC#NC
48.955958382,0.08447265625,0.129760742188,0.835632324219,#NC#NC#NC#NC#NC#NC#NC#NC,#NC#NC#NC#NC#NC#NC#NC#NC
49.056619589,#NC,#NC,#NC,#NC#NC#NC#NC#NC#NC#NC#NC,#NC#NC#NC#NC#NC#NC#NC#NC
49.157273359,#NC,#NC,#NC,#NC#NC#NC#NC#NC#NC#NC#NC,#NC#NC#NC#NC#NC#NC#NC#NC
49.258016960,#NC,#NC,#NC,#NC#NC#NC#NC#NC#NC#NC#NC,#NC#NC#NC#NC#NC#NC#NC#NC
49.358659510,#NC,#NC,#NC,#NC#NC#NC#NC#NC#NC#NC#NC,#NC#NC#NC#NC#NC#NC#NC#NC
49.459330514,0.0692138671875,0.09765625,0.804992675781,#NC#NC#NC#NC#NC#NC#NC#NC,#NC#NC#NC#NC#NC#NC#NC#NC
49.559987321,#NC,#NC,#NC,#NC#NC#NC#NC#NC#NC#NC#NC,#NC#NC#NC#NC#NC#NC#NC#NC
49.660636325,#NC,#NC,#NC,#NC#NC#NC#NC#NC#NC#NC#NC,#NC#NC#NC#NC#NC#NC#NC#NC
49.761279313,#NC,#NC,#NC,#NC#NC#NC#NC#NC#NC#NC#NC,#NC#NC#NC#NC#NC#NC#NC#NC
49.862002180,0.0722045898438,0.0445556640625,0.55078125,#NC#NC#NC#NC#NC#NC#NC#NC,#NC#NC#NC#NC#NC#NC#NC#NC
49.962648880,#NC,#NC,#NC,#NC#NC#NC#NC#NC#NC#NC#NC,#NC#NC#NC#NC#NC#NC#NC#NC
50.063308615,#NC,#NC,#NC,#NC#NC#NC#NC#NC#NC#NC#NC,#NC#NC#NC#NC#NC#NC#NC#NC
50.163956355,#NC,#NC,#NC,#NC#NC#NC#NC#NC#NC#NC#NC,#NC#NC#NC#NC#NC#NC#NC#NC
50.264658972,0.0430297851562,0.010009765625,0.415466308594,0.166137695312,0.156433105469
50.365312536,#NC,#NC,#NC,#NC#NC#NC#NC#NC#NC#NC#NC,#NC#NC#NC#NC#NC#NC#NC#NC
50.466015553,#NC,#NC,#NC,#NC#NC#NC#NC#NC#NC#NC#NC,#NC#NC#NC#NC#NC#NC#NC#NC
50.566724967,#NC,#NC,#NC,#NC#NC#NC#NC#NC#NC#NC#NC,#NC#NC#NC#NC#NC#NC#NC#NC
50.667396951,0.0158081054688,0.0103149414062,0.44580078125,#NC#NC#NC#NC#NC#NC#NC#NC,#NC#NC#NC#NC#NC#NC#NC#NC
50.768085905,0.304504394531,0.303344726562,2.30627441406,#NC#NC#NC#NC#NC#NC#NC#NC,#NC#NC#NC#NC#NC#NC#NC#NC
50.868738338,#NC,#NC,#NC,#NC#NC#NC#NC#NC#NC#NC#NC,#NC#NC#NC#NC#NC#NC#NC#NC
50.969386093,#NC,#NC,#NC,#NC#NC#NC#NC#NC#NC#NC#NC,#NC#NC#NC#NC#NC#NC#NC#NC
51.070021607,#NC,#NC,#NC,#NC#NC#NC#NC#NC#NC#NC#NC,#NC#NC#NC#NC#NC#NC#NC#NC
51.170685101,0.0030517578125,0.00079345703125,0.412719726562,#NC#NC#NC#NC#NC#NC#NC#NC,#NC#NC#NC#NC#NC#NC#NC#NC
51.271346672,#NC,#NC,#NC,#NC#NC#NC#NC#NC#NC#NC#NC,#NC#NC#NC#NC#NC#NC#NC#NC
51.372045865,#NC,#NC,#NC,#NC#NC#NC#NC#NC#NC#NC#NC,#NC#NC#NC#NC#NC#NC#NC#NC
51.472692089,#NC,#NC,#NC,#NC#NC#NC#NC#NC#NC#NC#NC,#NC#NC#NC#NC#NC#NC#NC#NC
51.573359370,0.00384521484375,0.0307006835938,0.335571289062,#NC#NC#NC#NC#NC#NC#NC#NC,#NC#NC#NC#NC#NC#NC#NC#NC
51.673998622,#NC,#NC,#NC,#NC#NC#NC#NC#NC#NC#NC#NC,#NC#NC#NC#NC#NC#NC#NC#NC
51.774653765,#NC,#NC,#NC,#NC#NC#NC#NC#NC#NC#NC#NC,#NC#NC#NC#NC#NC#NC#NC#NC
51.875302859,#NC,#NC,#NC,#NC#NC#NC#NC#NC#NC#NC#NC,#NC#NC#NC#NC#NC#NC#NC#NC
51.976013496,0.0521240234375,0.0820922851562,0.673522949219,0.195007324219,0.079833984375
52.076662523,#NC,#NC,#NC,#NC#NC#NC#NC#NC#NC#NC#NC,#NC#NC#NC#NC#NC#NC#NC#NC
52.177308241,#NC,#NC,#NC,#NC#NC#NC#NC#NC#NC#NC#NC,#NC#NC#NC#NC#NC#NC#NC#NC
52.278012908,#NC,#NC,#NC,#NC#NC#NC#NC#NC#NC#NC#NC,#NC#NC#NC#NC#NC#NC#NC#NC
52.378661212,#NC,#NC,#NC,#NC#NC#NC#NC#NC#NC#NC#NC,#NC#NC#NC#NC#NC#NC#NC#NC
52.479333119,0.0030517578125,0.0299682617188,0.396362304688,#NC#NC#NC#NC#NC#NC#NC#NC,#NC#NC#NC#NC#NC#NC#NC#NC
52.580001063,#NC,#NC,#NC,#NC#NC#NC#NC#NC#NC#NC#NC,#NC#NC#NC#NC#NC#NC#NC#NC
52.680652474,#NC,#NC,#NC,#NC#NC#NC#NC#NC#NC#NC#NC,#NC#NC#NC#NC#NC#NC#NC#NC
52.781302781,#NC,#NC,#NC,#NC#NC#NC#NC#NC#NC#NC#NC,#NC#NC#NC#NC#NC#NC#NC#NC
52.882009361,0.0307006835938,0.0,0.452819824219,#NC#NC#NC#NC#NC#NC#NC#NC,#NC#NC#NC#NC#NC#NC#NC#NC
52.982658109,#NC,#NC,#NC,#NC#NC#NC#NC#NC#NC#NC#NC,#NC#NC#NC#NC#NC#NC#NC#NC
53.083305153,#NC,#NC,#NC,#NC#NC#NC#NC#NC#NC#NC#NC,#NC#NC#NC#NC#NC#NC#NC#NC
53.183953407,#NC,#NC,#NC,#NC#NC#NC#NC#NC#NC#NC#NC,#NC#NC#NC#NC#NC#NC#NC#NC
53.284624301,0.042236328125,0.00079345703125,0.400268554688,#NC#NC#NC#NC#NC#NC#NC#NC,#NC#NC#NC#NC#NC#NC#NC#NC
53.385263532,#NC,#NC,#NC,#NC#NC#NC#NC#NC#NC#NC#NC,#NC#NC#NC#NC#NC#NC#NC#NC
53.486009148,#NC,#NC,#NC,#NC#NC#NC#NC#NC#NC#NC#NC,#NC#NC#NC#NC#NC#NC#NC#NC
53.586774965,#NC,#NC,#NC,#NC#NC#NC#NC#NC#NC#NC#NC,#NC#NC#NC#NC#NC#NC#NC#NC
53.687462812,0.00653076171875,0.0,0.415832519531,0.06298828125,138240.0#NC#NC#NC#NC
53.788154869,0.04248046875,0.0347900390625,1.49566650391,#NC#NC#NC#NC#NC#NC#NC#NC,#NC#NC#NC#NC12928.012928.061312.09664.0
53.888805806,#NC,#NC,#NC,#NC#NC#NC#NC#NC#NC#NC#NC,#NC#NC#NC#NC#NC#NC#NC#NC
53.989451670,#NC,#NC,#NC,#NC#NC#NC#NC#NC#NC#NC#NC,#NC#NC#NC#NC#NC#NC#NC#NC
54.090072792,#NC,#NC,#NC,#NC#NC#NC#NC#NC#NC#NC#NC,#NC#NC#NC#NC#NC#NC#NC#NC
54.190741379,0.0130004882812,0.0107421875,0.634582519531,#NC#NC#NC#NC#NC#NC#NC#NC,#NC#NC#NC#NC#NC#NC#NC#NC
54.291359163,#NC,#NC,#NC,#NC#NC#NC#NC#NC#NC#NC#NC,#NC#NC#NC#NC#NC#NC#NC#NC
54.392032270,#NC,#NC,#NC,#NC#NC#NC#NC#NC#NC#NC#NC,#NC#NC#NC#NC#NC#NC#NC#NC
54.492680464,#NC,#NC,#NC,#NC#NC#NC#NC#NC#NC#NC#NC,#NC#NC#NC#NC#NC#NC#NC#NC
54.593347535,0.0076904296875,0.0346069335938,0.371948242188,#NC#NC#NC#NC#NC#NC#NC#NC,#NC#NC#NC#NC#NC#NC#NC#NC
54.694007259,#NC,#NC,#NC,#NC#NC#NC#NC#NC#NC#NC#NC,#NC#NC#NC#NC#NC#NC#NC#NC
54.794656256,#NC,#NC,#NC,#NC#NC#NC#NC#NC#NC#NC#NC,#NC#NC#NC#NC#NC#NC#NC#NC
54.895306997,#NC,#NC,#NC,#NC#NC#NC#NC#NC#NC#NC#NC,#NC#NC#NC#NC#NC#NC#NC#NC
54.995972351,0.0491333007812,0.0767211914062,0.639953613281,#NC#NC#NC#NC#NC#NC#NC#NC,#NC#NC#NC#NC#NC#NC#NC#NC
55.096622052,#NC,#NC,#NC,#NC#NC#NC#NC#NC#NC#NC#NC,#NC#NC#NC#NC#NC#NC#NC#NC
55.197281719,#NC,#NC,#NC,#NC#NC#NC#NC#NC#NC#NC#NC,#NC#NC#NC#NC#NC#NC#NC#NC
55.298007679,#NC,#NC,#NC,#NC#NC#NC#NC#NC#NC#NC#NC,#NC#NC#NC#NC#NC#NC#NC#NC
55.398652480,#NC,#NC,#NC,#NC#NC#NC#NC#NC#NC#NC#NC,#NC#NC#NC#NC#NC#NC#NC#NC
55.499355577,0.0253295898438,0.0569458007812,0.499206542969,0.167297363281,0.129089355469
55.600019011,#NC,#NC,#NC,#NC#NC#NC#NC#NC#NC#NC#NC,#NC#NC#NC#NC#NC#NC#NC#NC
55.700670858,#NC,#NC,#NC,#NC#NC#N